id_cliente;nombre;descripcion;direccion
09b6061b-fd99-45cc-b;Mejorado Avanzado Región;País matrix;redundant política out-of-the-box
f4c3e42c-33b0-42ba-9;Metal tangible;Rústico Cambridgeshire red;invoice
a348be3b-9896-4592-8;Funcionalidad Verde;haptic Sopa Metal;cultivate sticky
9742a7f9-d2f5-4ee0-8;Madrid Programable Refinado;Atún Loan;vertical
61603ed1-9061-477e-8;utilización navigate eyeballs;Corporativo capacitor Agente;primary Account Cambridgeshire
404bb641-0a5d-443b-9;Zapatos;Corporativo;Mejorado Inteligente Berkshire
007e4c3b-0f7c-4607-8;Hormigon Rústico Pollo;ADP;user-centric Sabroso
321b4148-d354-4cd9-b;iniciativa estrategia Loan;reboot Videojuegos;migración deposit
4bea12db-872b-4578-b;Plaza Ladrillo;Librería Sorprendente;redefine Bricolaje Operaciones
3f4fdf98-c07d-42e0-a;Gorro;Coche Artesanal;customized
